2018-01-02,13:30,109.77833,32.21833,27559,1
2018-01-06,08:10,114.273,25.095,27559,1
2018-01-07,01:40,104.48932,30.87196,17716,1
2018-01-07,02:30,108.86756,23.76272,21653,1
2018-01-07,08:40,102.80299,24.98275,14763,1
2018-01-07,14:00,108.853,33.77234,12795,1
2018-01-08,11:20,122.125,31.125,18000,0
2018-01-08,11:40,122.5,29.125,34000,0
2018-01-08,13:10,116.625,22.375,24000,0
2018-01-08,13:50,115.125,22.25,14000,0
2018-01-11,03:30,106.801,27.34839,19685,1
2018-01-11,03:30,109.7,27.44111,29199,1
2018-01-11,13:20,106.39715,27.16081,17716,1
2018-01-12,10:40,104.398,27.34027,24606,1
2018-01-13,23:20,114.65499,32.76568,27559,2
2018-01-17,00:10,119.00903,31.98982,26246,2
2018-01-18,06:30,100.625,58.0,34000,0
2018-01-18,07:40,108.25,49.0,34000,0
2018-01-18,08:00,111.125,46.625,34000,0
2018-01-18,08:40,113.375,41.625,39000,0
2018-01-18,09:10,114.75,37.625,39000,0
2018-01-18,10:40,113.875,26.75,39000,0
2018-01-18,10:50,114.25,25.25,34000,0
2018-01-18,11:10,113.625,23.0,30000,0
2018-01-22,06:50,118.00833,25.25,14763,1
2018-01-28,02:20,174.75,56.0,34000,0
2018-01-28,04:20,148.75,51.875,34000,0
2018-01-28,05:20,136.75,49.5,34000,0
2018-01-28,06:20,127.375,46.0,34000,0
2018-01-28,06:50,122.875,44.0,34000,0
2018-01-28,23:10,120.63,27.39027,17716,1
2018-01-30,11:00,102.36633,36.8359,17716,1
2018-01-30,22:40,95.5,22.75,34000,0
2018-01-30,23:20,101.75,24.625,39000,0
2018-01-31,00:10,109.875,23.5,39000,0
2018-01-31,00:20,111.625,23.25,30000,0
2018-01-31,01:20,106.86004,29.05184,20669,1
2018-02-01,00:30,110.29333,20.5,14763,1
2018-02-01,04:20,120.69667,28.44333,16732,1
2018-02-02,00:50,116.51524,40.13682,5413,1
2018-02-02,01:50,87.3497,43.81154,6725,0
2018-02-04,03:30,87.475,43.907,6561,1
2018-02-05,15:50,117.632,23.87314,19685,2
2018-02-06,00:10,106.55332,38.19452,9842,1
2018-02-06,05:50,115.443,24.332,26601,2
2018-02-06,06:50,106.66499,28.06385,26574,2
2018-02-06,09:00,116.767,23.44,27559,2
2018-02-08,13:40,113.398,35.612,32152,1
2018-02-08,18:50,106.0,27.625,30000,0
2018-02-08,19:30,104.375,32.125,34000,0
2018-02-08,20:30,101.0,37.875,34000,0
2018-02-08,20:50,98.625,39.0,34000,0
2018-02-08,21:50,91.0,42.875,34000,0
2018-02-08,22:40,83.75,46.5,34000,0
2018-02-08,22:50,82.25,47.25,34000,0
2018-02-08,23:00,80.5,47.875,34000,0
2018-02-08,23:20,76.75,48.875,34000,0
2018-02-09,06:10,113.29667,34.02667,21653,2
2018-02-09,10:10,116.0558,39.75179,9842,2
2018-02-09,10:50,94.61077,30.31597,35104,2
2018-02-09,13:10,104.39,30.872,14763,2
2018-02-09,14:20,99.25,21.125,39000,0
2018-02-09,15:50,90.5,23.625,39000,0
2018-02-09,16:50,85.375,26.625,24000,0
2018-02-10,01:20,116.59833,40.25319,6889,1
2018-02-11,10:10,140.25,34.25,34000,0
2018-02-11,11:20,133.75,31.0,34000,0
2018-02-11,11:50,131.125,29.5,34000,0
2018-02-11,12:40,126.75,26.25,34000,0
2018-02-11,13:30,122.0,22.75,34000,0
2018-02-11,13:40,121.0,22.125,34000,0
2018-02-11,13:50,119.75,22.125,34000,0
2018-02-12,02:30,115.805,40.013,8858,2
2018-02-12,06:20,121.24325,30.01705,6889,1
2018-02-12,19:00,110.0,17.375,34000,0
2018-02-12,21:30,91.125,15.75,34000,0
2018-02-12,22:00,87.5,16.625,34000,0
2018-02-15,02:30,107.71,29.787,21653,2
2018-02-15,07:00,106.917,28.767,22637,1
2018-02-15,09:20,104.08,37.197,17716,0
2018-02-16,13:30,113.30833,23.56986,13779,1
2018-02-21,09:40,104.152,35.9119,18700,1
2018-02-21,16:10,123.375,10.5,34000,0
2018-02-21,17:20,129.0,2.875,34000,0
2018-02-21,17:50,131.5,-0.25,34000,0
2018-02-21,18:30,134.875,-4.625,34000,0
2018-02-21,18:40,135.875,-5.5,34000,0
2018-02-21,20:00,143.25,-14.25,34000,0
2018-02-21,20:30,146.375,-17.125,39000,0
2018-02-21,20:40,147.375,-18.125,39000,0
2018-02-21,22:00,156.5,-26.0,39000,0
2018-02-21,22:30,160.125,-28.625,39000,0
2018-02-21,22:50,162.75,-30.25,39000,0
2018-02-23,04:40,116.748,40.33,9842,1
2018-02-23,13:00,118.015,24.565,24606,1
2018-02-24,05:00,107.5,12.0,24000,0
2018-02-24,05:10,108.375,13.125,39000,0
2018-02-24,05:50,110.75,17.5,39000,0
2018-02-24,06:20,112.75,20.75,34000,0
2018-02-24,13:40,120.02027,28.10124,18208,1
2018-02-27,10:00,106.357,30.567,26574,1
2018-02-27,16:00,106.847,29.852,23622,1
2018-02-28,11:10,120.851,28.1828,7381,1
2018-03-01,15:50,104.2,30.512,16732,1
2018-03-02,06:00,112.217,38.066,8858,1
2018-03-02,23:20,103.294,26.321,24606,1
2018-03-03,06:10,116.375,21.875,30000,0
2018-03-03,06:30,119.375,23.125,30000,0
2018-03-03,07:30,127.625,29.25,30000,0
2018-03-03,08:10,134.0,32.625,34000,0
2018-03-03,08:50,141.25,34.875,34000,0
2018-03-03,09:00,142.875,35.75,34000,0
2018-03-03,09:30,148.375,37.75,34000,0
2018-03-03,10:50,162.625,42.875,34000,0
2018-03-04,01:20,113.143,30.638,10826,1
2018-03-04,10:20,113.85,23.092,24606,1
2018-03-04,10:20,114.525,32.33,26574,2
2018-03-05,12:40,113.927,38.675,27559,1
2018-03-07,07:00,112.277,37.59,11811,1
2018-03-10,18:00,78.875,41.5,34000,0
2018-03-10,19:10,90.875,38.625,30000,0
2018-03-10,20:00,98.75,35.75,34000,0
2018-03-10,20:30,103.5,33.75,34000,0
2018-03-10,20:40,104.25,32.625,34000,0
2018-03-10,22:20,113.375,22.5,24000,0
2018-03-11,06:10,102.912,36.817,17716,1
2018-03-11,18:00,106.0,27.5,34000,0
2018-03-11,18:30,104.5,30.875,34000,0
2018-03-11,18:40,104.375,32.25,34000,0
2018-03-11,19:40,100.375,38.125,34000,0
2018-03-11,20:00,97.625,39.375,34000,0
2018-03-11,21:40,84.375,46.125,34000,0
2018-03-11,22:40,75.75,49.125,34000,0
2018-03-13,07:50,136.75,34.625,14000,0
2018-03-13,08:10,135.875,33.625,34000,0
2018-03-13,09:10,129.125,30.625,39000,0
2018-03-13,10:00,124.5,27.375,39000,0
2018-03-13,10:20,122.625,26.125,30000,0
2018-03-15,09:40,115.638,22.944,23622,1
2018-03-17,03:30,113.143,30.638,30183,1
2018-03-17,09:50,124.875,28.0,34000,0
2018-03-17,10:30,121.25,24.875,34000,0
2018-03-17,10:40,120.375,24.125,34000,0
2018-03-17,13:00,113.693,30.269,32152,1
2018-03-17,13:00,114.955,30.435,32152,2
2018-03-19,05:10,112.712,28.636,26246,2
2018-03-19,07:20,110.137,19.609,27559,2
2018-03-19,16:10,104.08,37.467,19685,1
2018-03-21,05:10,106.0,21.375,14000,0
2018-03-21,06:00,112.625,23.0,24000,0
2018-03-26,11:00,115.442,26.317,34120,2
2018-03-27,04:10,114.43,31.325,42650,1
2018-03-27,23:50,111.17333,26.58333,30183,2
2018-03-28,13:40,113.143,30.638,30183,1
2018-03-29,11:20,114.125,21.875,14000,0
2018-03-29,11:30,113.875,21.125,24000,0
2018-03-29,13:40,99.125,21.25,39000,0
2018-03-29,13:50,97.75,21.5,39000,0
2018-04-02,04:00,87.475,43.907,35104,1
2018-04-02,04:10,122.0,6.875,34000,0
2018-04-02,06:50,133.625,-11.375,34000,0
2018-04-02,07:10,135.25,-13.5,34000,0
2018-04-02,07:30,136.875,-15.75,34000,0
2018-04-02,08:20,141.125,-21.25,39000,0
2018-04-02,09:30,147.625,-29.375,39000,0
2018-04-02,10:00,150.625,-32.625,18000,0
2018-04-04,01:10,120.43303,28.84565,17716,1
2018-04-04,23:50,106.82631,38.32078,13779,1
2018-04-05,13:00,111.183,40.54,19685,2
2018-04-07,04:10,120.43734,27.74985,6889,1
2018-04-07,16:00,87.475,43.907,4265,1
2018-04-10,13:40,119.56182,25.76797,4921,1
2018-04-11,23:50,111.86743,27.74958,31167,2
2018-04-13,17:40,87.475,43.907,4921,1
2018-04-15,09:10,120.25,30.0,14000,0
2018-04-15,09:20,119.625,29.5,18000,0
2018-04-15,09:50,119.5,26.25,30000,0
2018-04-15,10:10,118.125,24.75,30000,0
2018-04-15,10:30,116.375,23.0,30000,0
2018-04-23,09:00,113.125,18.125,34000,0
2018-04-23,09:10,112.25,17.0,34000,0
2018-04-23,09:30,110.625,14.75,34000,0
2018-04-23,11:10,106.5,2.375,39000,0
2018-04-23,11:40,107.375,-1.625,39000,0
2018-04-23,12:10,107.125,-5.25,24000,0
2018-04-25,03:50,128.75,30.125,30000,0
2018-04-25,04:40,136.75,33.375,30000,0
2018-04-25,06:10,150.125,41.875,30000,0
2018-04-25,06:30,153.25,44.125,30000,0
2018-04-25,07:40,165.125,50.25,34000,0
2018-04-25,07:50,166.875,50.875,34000,0
2018-04-25,08:20,172.375,53.0,34000,0
2018-04-28,00:00,111.622,29.29766,29199,1
2018-04-30,05:30,112.502,41.3562,12795,1
2018-04-30,13:50,104.365,27.46,30183,1
2018-04-30,14:30,106.39167,38.32167,5905,1
2018-05-01,04:10,102.66441,36.86607,17716,0
2018-05-01,06:20,113.143,30.638,29199,2
2018-05-03,05:10,109.413,18.48286,10826,1
2018-05-05,01:30,120.69667,28.44333,16732,1
2018-05-07,23:50,115.97,28.431,30511,1
2018-05-08,05:30,123.485,41.642,2952,1
2018-05-12,05:40,112.29656,37.74751,24606,2
2018-05-14,07:50,102.03,36.527,21653,1
2018-05-14,08:20,106.718,27.99,11811,1
2018-05-15,12:10,113.65535,30.78371,35104,2
2018-05-22,07:40,107.77,31.81527,21653,1
2018-05-22,09:10,121.77276,41.64444,16732,1
2018-05-31,04:30,106.77754,38.63893,12795,1
2018-06-05,08:20,113.153,41.843,16404,2
2018-06-05,12:30,111.35763,40.78666,11811,2
2018-06-06,12:20,112.48058,37.84031,7874,1
2018-06-09,05:40,112.01027,29.35245,31167,2
2018-06-15,10:30,120.733,32.167,9842,1
2018-06-22,11:40,117.983,26.531,16732,1
2018-06-23,10:50,112.202,39.40217,16732,2
2018-06-29,05:50,119.66001,30.26216,36089,2
2018-06-29,11:10,116.59833,39.66864,11811,1
2018-07-08,11:20,116.59832,39.4438,19685,1
2018-07-09,07:00,100.81333,35.65,27559,2
2018-07-12,09:20,102.936,25.11,1000,2
2018-07-13,09:00,112.42588,41.62642,13779,2
2018-07-16,08:50,117.345,39.12333,1968,0
2018-07-19,12:30,108.312,33.318,12795,2
2018-07-21,03:40,87.475,43.907,4265,1
2018-07-22,17:20,103.25289,36.61997,17716,2
2018-01-04,01:50,114.525,32.33,33136,1
2018-01-07,05:20,120.04521,28.10106,18700,1
2018-01-08,06:30,114.525,32.33,27559,2
2018-01-08,12:00,121.375,27.5,34000,0
2018-01-08,12:50,118.0,23.75,30000,0
2018-01-08,13:30,115.125,22.25,18000,0
2018-01-09,08:00,106.39167,38.29669,8366,1
2018-01-09,08:40,106.39167,38.29669,9186,1
2018-01-09,22:20,116.59833,40.16326,7381,1
2018-01-10,05:40,120.63,27.52517,17716,1
2018-01-10,06:20,120.28322,27.74952,17716,1
2018-01-12,01:20,104.2817,26.86,23622,1
2018-01-15,05:30,116.572,39.195,29199,2
2018-01-18,05:30,114.60359,30.78433,11811,1
2018-01-18,06:20,99.875,59.375,34000,0
2018-01-18,06:50,102.5,55.375,34000,0
2018-01-18,07:30,106.625,50.125,34000,0
2018-01-18,08:10,112.5,45.375,34000,0
2018-01-18,09:00,114.625,38.875,39000,0
2018-01-18,09:30,114.75,35.0,39000,0
2018-01-18,10:00,114.125,31.625,39000,0
2018-01-18,10:10,113.75,30.375,39000,0
2018-01-18,11:00,114.0,24.0,34000,0
2018-01-18,11:30,113.875,21.875,14000,0
2018-01-19,09:30,109.833,19.07014,26574,2
2018-01-24,04:00,104.272,33.98653,27559,2
2018-01-24,12:20,121.28934,29.98552,5905,1
2018-01-26,15:30,108.405,32.075,31167,2
2018-01-28,02:30,172.75,55.25,34000,0
2018-01-28,04:00,153.0,52.5,34000,0
2018-01-28,04:30,146.625,51.5,34000,0
2018-01-28,04:40,144.625,51.125,34000,0
2018-01-28,04:50,142.625,50.625,34000,0
2018-01-28,05:40,133.375,48.75,34000,0
2018-01-28,05:50,131.625,48.25,34000,0
2018-01-28,06:10,129.125,46.5,34000,0
2018-01-28,06:40,124.25,44.75,34000,0
2018-01-28,07:30,117.625,41.0,34000,0
2018-01-28,08:30,90.61992,29.55177,26574,2
2018-01-28,09:40,114.0,26.125,34000,0
2018-01-28,10:30,113.875,21.625,14000,0
2018-01-28,11:30,115.805,39.96803,8858,1
2018-01-29,12:00,114.72142,37.72934,21653,2
2018-01-30,07:40,113.398,35.612,31167,1
2018-01-30,09:50,113.30833,23.39,13779,1
2018-01-30,22:10,90.625,22.5,34000,0
2018-01-30,23:00,98.625,23.375,34000,0
2018-01-30,23:10,100.25,23.875,39000,0
2018-01-30,23:50,106.5,23.875,39000,0
2018-01-30,23:50,117.215,36.85833,19685,1
2018-01-31,00:40,113.625,21.625,18000,0
2018-01-31,10:10,119.00644,25.73946,15748,1
2018-02-01,11:30,104.303,29.928,29199,2
2018-02-01,11:40,104.303,29.928,29199,1
2018-02-04,13:50,115.45,26.3,30183,1
2018-02-06,05:10,114.47195,26.18894,29199,2
2018-02-06,11:40,108.647,30.035,29199,2
2018-02-07,23:40,107.71,29.787,22309,1
2018-02-08,07:00,113.692,29.907,26574,2
2018-02-08,17:40,113.625,23.75,24000,0
2018-02-08,18:30,108.0,26.25,34000,0
2018-02-08,20:00,104.25,36.0,34000,0
2018-02-08,20:10,103.5,36.875,34000,0
2018-02-08,22:00,89.625,43.5,34000,0
2018-02-08,22:10,88.25,44.25,34000,0
2018-02-09,09:30,102.66277,36.52506,15748,1
2018-02-09,12:10,113.25,21.0,30000,0
2018-02-09,13:00,108.0,18.75,39000,0
2018-02-09,14:00,113.85,23.092,35761,1
2018-02-09,14:00,101.375,20.25,39000,0
2018-02-09,16:30,86.875,25.125,39000,0
2018-02-10,09:40,100.245,26.679,2788,1
2018-02-11,09:30,116.36266,39.88229,9842,1
2018-02-11,09:40,108.60139,33.57199,13779,1
2018-02-11,14:30,115.0,22.25,18000,0
2018-02-12,18:50,111.0,18.0,34000,0
2018-02-12,19:20,107.75,16.0,34000,0
2018-02-12,19:30,106.625,15.625,34000,0
2018-02-12,19:50,103.875,15.125,34000,0
2018-02-12,20:00,102.75,14.875,34000,0
2018-02-15,08:40,108.647,30.035,25590,1
2018-02-18,16:20,104.303,29.79325,9350,2
2018-02-20,06:10,123.485,41.62403,200,0
2018-02-21,05:40,106.39167,38.27176,1699,0
2018-02-21,16:00,122.75,11.75,34000,0
2018-02-21,16:30,124.75,8.125,34000,0
2018-02-21,17:40,130.625,0.625,34000,0
2018-02-21,19:10,138.25,-9.0,34000,0
2018-02-21,19:40,141.25,-12.125,34000,0
2018-02-21,21:00,149.75,-20.125,39000,0
2018-02-21,21:20,152.375,-22.25,39000,0
2018-02-21,22:20,158.875,-27.75,39000,0
2018-02-21,23:10,165.375,-31.75,39000,0
2018-02-21,23:20,166.875,-32.5,39000,0
2018-02-22,06:50,102.935,25.7181,33136,1
2018-02-24,06:00,111.875,18.375,39000,0
2018-02-24,06:10,112.625,19.5,39000,0
2018-02-24,06:30,113.625,21.5,24000,0
2018-02-26,03:30,123.485,41.642,3937,1
2018-02-27,06:40,108.30207,26.09697,18700,2
2018-02-27,13:40,103.42301,36.67164,21653,1
2018-03-02,10:00,104.125,36.28,17716,0
2018-03-03,05:50,114.375,22.25,14000,0
2018-03-03,07:40,129.125,30.25,34000,0
2018-03-03,08:00,132.25,31.875,34000,0
2018-03-03,08:20,135.875,33.25,34000,0
2018-03-03,08:40,139.625,34.0,34000,0
2018-03-03,09:40,150.25,38.125,34000,0
2018-03-03,10:20,157.125,41.0,34000,0
2018-03-03,10:30,158.875,41.625,34000,0
2018-03-03,11:40,172.75,45.875,34000,0
2018-03-05,12:40,113.415,24.009,14107,1
2018-03-06,04:00,106.917,28.767,26574,1
2018-03-06,06:00,104.303,29.928,9842,1
2018-03-07,00:10,112.963,28.018,29199,1
2018-03-07,01:20,112.208,27.436,30183,2
2018-03-07,08:40,106.553,38.194,12795,1
2018-03-09,04:30,101.79,23.806,22637,1
2018-03-10,18:20,82.5,40.75,30000,0
2018-03-10,18:40,85.875,40.125,30000,0
2018-03-10,20:50,104.375,31.375,34000,0
2018-03-10,21:20,105.75,27.625,34000,0
2018-03-10,21:30,106.875,26.5,34000,0
2018-03-10,22:00,110.625,23.625,34000,0
2018-03-11,16:40,114.125,22.625,18000,0
2018-03-11,17:50,106.625,26.5,34000,0
2018-03-11,18:10,104.875,28.25,34000,0
2018-03-11,19:10,104.25,36.125,34000,0
2018-03-11,19:50,98.875,38.75,34000,0
2018-03-11,21:00,89.5,43.5,34000,0
2018-03-13,09:50,125.375,28.125,39000,0
2018-03-13,10:30,121.875,25.5,24000,0
2018-03-14,12:50,117.112,23.12,29199,2
2018-03-16,12:20,112.062,37.301,12795,1
2018-03-17,08:40,130.625,33.0,18000,0
2018-03-17,10:50,119.375,23.375,34000,0
2018-03-17,11:00,118.25,22.875,34000,0
2018-03-17,11:20,116.125,22.375,30000,0
2018-03-20,01:20,112.698,22.005,27559,1
2018-03-21,05:40,109.25,22.625,30000,0
2018-03-21,05:50,110.875,22.875,30000,0
2018-03-21,06:20,113.875,21.625,18000,0
2018-03-23,08:30,102.912,36.817,17716,1
2018-03-24,14:10,85.222,45.698,35104,2
2018-03-27,07:00,113.691,29.817,36089,1
2018-03-28,02:10,113.143,30.638,35104,1
2018-03-28,06:50,114.216,30.505,31167,2
2018-03-29,11:40,112.625,20.875,30000,0
2018-03-29,13:00,103.625,19.375,39000,0
2018-03-29,13:30,100.125,20.875,39000,0
2018-03-29,15:30,86.625,25.125,39000,0
2018-03-29,15:50,84.375,25.875,39000,0
2018-03-29,16:00,83.125,26.125,39000,0
2018-04-02,02:10,115.0,21.75,24000,0
2018-04-02,03:30,119.625,11.75,34000,0
2018-04-02,04:00,121.375,8.125,34000,0
2018-04-02,05:40,128.0,-3.625,34000,0
2018-04-03,06:50,109.63,29.50833,31167,1
2018-04-05,12:00,110.27263,25.44037,7874,1
2018-04-05,12:30,111.89999,39.96143,20669,2
2018-04-05,12:50,104.60001,31.18302,11482,1
2018-04-06,06:20,111.89943,36.73339,15748,2
2018-04-11,00:10,87.685,44.335,17716,1
2018-04-11,18:40,113.69313,24.4568,14763,2
2018-04-15,10:20,117.25,23.875,30000,0
2018-04-15,11:00,114.625,22.25,14000,0
2018-04-19,15:50,112.8495,40.51746,11811,1
2018-04-20,08:10,104.973,30.91,31167,2
2018-04-21,12:30,120.691,28.4228,16732,1
2018-04-23,10:30,106.875,7.5,39000,0
2018-04-23,10:40,106.625,6.25,39000,0
2018-04-23,11:20,106.875,1.125,39000,0
2018-04-23,12:00,107.625,-4.25,39000,0
2018-04-25,02:00,114.625,21.875,14000,0
2018-04-25,02:10,116.0,21.75,24000,0
2018-04-25,03:40,127.5,29.125,30000,0
2018-04-25,04:00,130.25,31.0,30000,0
2018-04-25,04:30,135.0,33.0,30000,0
2018-04-25,06:20,151.625,43.125,30000,0
2018-04-25,07:00,158.25,47.0,30000,0
2018-04-25,08:30,174.125,53.75,34000,0
2018-04-25,08:40,176.125,54.5,34000,0
2018-04-25,08:50,178.125,55.125,34000,0
2018-04-26,12:00,104.748,31.097,12303,2
2018-05-02,09:40,116.83532,40.26384,6889,1
2018-05-02,09:50,116.83532,40.26384,6889,2
2018-05-05,07:40,102.936,24.8405,13779,1
2018-05-08,08:20,120.04521,28.10106,17716,1
2018-05-09,12:50,118.887,31.775,24606,1
2018-05-13,14:10,106.917,28.767,25590,1
2018-05-13,14:30,87.475,43.907,4265,1
2018-05-14,05:00,105.75605,26.92784,11811,1
2018-05-14,09:20,106.665,28.71026,13451,1
2018-05-23,08:00,116.06148,39.72563,14763,1
2018-05-27,01:20,124.163,40.95734,15748,1
2018-05-27,12:50,122.51459,41.10475,11811,1
2018-05-29,01:00,87.685,44.335,14763,1
2018-05-30,01:40,87.992,44.575,14763,1
2018-05-31,03:40,105.78127,37.81118,11811,1
2018-06-02,09:30,101.255,22.048,33999,1
2018-06-02,13:20,106.98653,38.78387,16732,1
2018-06-06,12:10,120.63,27.75,17716,1
2018-06-08,00:30,112.208,28.068,34120,1
2018-06-08,12:10,114.75095,38.45482,7217,1
2018-06-10,04:50,109.435,30.248,25590,1
2018-06-11,07:50,112.62001,38.46666,21653,1
2018-06-14,00:30,104.39,30.872,14271,1
2018-06-14,01:00,104.013,30.879,9842,1
2018-06-18,12:00,121.813,31.14,3937,2
2018-06-18,14:30,112.36746,40.43584,18700,1
2018-06-30,09:20,113.21833,28.4598,8858,2
2018-07-01,03:30,113.242,29.353,27559,2
2018-07-05,01:10,114.0479,30.78489,14763,2
2018-07-07,01:50,116.572,39.195,31167,1
2018-07-12,02:30,116.22125,40.23891,15583,1
2018-07-12,07:10,125.187,40.3931,11811,2
2018-07-12,09:20,121.88684,41.64475,16404,1
2018-07-14,06:10,111.832,21.577,30183,2
2018-07-26,01:20,87.016,43.919,31167,1
2018-01-01,11:20,112.615,32.981,31167,1
2018-01-01,23:40,114.203,33.365,27559,1
2018-01-02,00:10,114.655,33.665,27559,1
2018-01-02,05:00,109.5166667,31.9,27559,1
2018-01-02,12:30,86.717,43.543,16404,1
2018-01-02,13:30,114.0759753,31.64242191,27559,1
2018-01-02,13:30,114.20667,32.13398241,27559,1
2018-01-02,13:30,109.7783333,32.21833333,27559,1
2018-01-03,01:40,103.817665,30.6125,20669,2
2018-01-03,03:50,104.6815,30.891,18044,1
2018-01-03,05:30,86.717,43.543,19685,1
2018-01-03,12:20,104.346,30.5595,16732,1
2018-01-03,12:20,104.346,30.5595,16732,2
2018-01-04,01:00,104.2,30.512,17716,1
2018-01-04,12:00,104.303,29.928,17716,1
2018-01-04,12:10,120.63,27.3003392,17716,1
2018-01-04,12:10,120.63,27.30034,17716,1
2018-01-04,13:20,120.817,29.6,22637,2
2018-01-05,00:00,114.655,33.665,25590,2
2018-01-06,02:30,110.039,25.218,27066,1
2018-01-06,03:40,115.159,28.3215,30183,2
2018-01-06,03:40,114.465,22.792,12795,1
2018-01-06,04:20,109.73416,25.44866,9186,1
2018-01-06,04:20,109.734164,25.44866233,9186,1
2018-01-06,05:40,120.817,29.6,26902,2
2018-01-06,12:00,122.633,31.66,18700,2
2018-01-06,14:00,104.303,29.928,11811,1
2018-01-06,14:10,113.0248874,28.18985067,34120,2
2018-01-06,14:20,119.9245,29.6005,14763,2
2018-01-07,01:40,104.4893211,30.87195748,17716,1
2018-01-07,02:10,108.8840543,23.50838849,26574,1
2018-01-07,02:30,108.8675631,23.7627233,21653,1
2018-01-07,05:20,120.0452068,28.10105613,18700,1
2018-01-07,06:10,114.59,32.9975,26574,1
2018-01-07,06:10,111.74,33.25883334,29199,1
2018-01-07,08:40,102.8029942,24.98275191,14763,1
2018-01-07,10:40,104.08,37.197,15748,1
2018-01-07,11:00,113.5166979,27.37820352,29199,2
2018-01-07,11:00,113.5167,27.3782,29199,2
2018-01-07,11:40,107.037289,26.76135345,14763,1
2018-01-07,12:50,112.242657,37.74733408,13123,1
2018-01-07,12:50,107.2039403,26.15681848,13779,2
2018-01-07,14:00,108.8529962,33.7723392,12795,1
2018-01-08,01:00,107.77,32.175,27559,1
2018-01-08,03:40,120.69667,28.44333,16732,1
2018-01-08,03:40,120.6966667,28.44333333,16732,1
2018-01-08,04:00,113.218333,28.19,32152,2
2018-01-08,04:00,113.463,25.868,26574,1
2018-01-08,05:10,113.218333,28.19,33136,1
2018-01-08,10:30,122.25,31.0,17716,1
2018-01-08,12:10,120.875,26.625,34000,0
2018-01-08,12:20,120.375,25.625,34000,0
2018-01-08,12:30,119.75,25.0,34000,0
2018-01-08,12:40,118.875,24.375,30000,0
2018-01-08,13:20,116.0,22.25,24000,0
2018-01-08,13:40,115.375,22.375,18000,0
2018-01-08,14:00,114.5,22.25,14000,0
2018-01-09,01:00,115.195,38.18333333,6561,1
2018-01-09,04:00,87.983,44.173,12467,1
2018-01-09,08:00,106.39167,38.29668685,8366,1
2018-01-09,08:30,106.39167,38.29668685,9186,1
2018-01-09,08:40,106.39167,38.29668685,9186,1
2018-01-09,10:00,94.35475947,30.31675997,30183,2
2018-01-09,10:00,111.825,40.98489824,8858,1
2018-01-09,15:40,104.2817,27.12979648,27559,1
2018-01-09,22:20,116.59833,40.16326216,7381,1
2018-01-10,00:40,113.385665,24.629,26902,1
2018-01-10,00:50,110.039,25.218,30183,1
2018-01-10,02:10,102.7514216,26.53878136,23622,1
2018-01-10,03:40,107.4869891,26.55376796,19685,1
2018-01-10,03:40,107.48699,26.55377,19685,1
2018-01-10,04:40,116.748,40.33,9842,1
2018-01-10,05:40,120.6299982,27.5251696,17716,1
2018-01-10,06:20,120.2832211,27.74952232,17716,1
2018-01-10,07:00,112.3595184,37.57448624,9842,2
2018-01-10,07:00,112.35952,37.57449,9842,2
2018-01-10,10:30,94.3913377,30.31668058,30183,2
2018-01-10,13:40,119.385,25.74,22965,2
2018-01-11,01:30,108.621787,23.19806297,21653,1
2018-01-11,01:50,94.335,29.303,21325,2
2018-01-11,05:30,107.1372,26.07778,18700,1
2018-01-11,06:30,103.755,27.50286,26574,1
2018-01-11,06:30,103.755,27.50286432,26574,1
2018-01-11,09:00,104.677,30.118,18700,1
2018-01-11,10:00,104.39,30.872,15748,2
2018-01-11,10:10,106.89629,26.53896,18700,1
2018-01-11,10:10,106.8962895,26.53896442,18700,1
2018-01-11,13:10,103.935,33.033,26246,1
2018-01-11,13:20,106.3971541,27.16080963,17716,1
2018-01-11,14:30,116.16924,22.70709,26574,1
2018-01-11,14:30,116.1692396,22.7070926,26574,1
2018-01-11,15:50,109.7,27.44111,26574,2
2018-01-12,02:10,109.7427025,19.24997634,22637,1
2018-01-12,06:20,113.9267388,30.5303011,26574,1
2018-01-12,10:30,114.525,32.33,26574,1
2018-01-12,10:40,104.3979972,27.34027136,24606,1
2018-01-12,11:20,117.137,23.765,24606,1
2018-01-12,11:30,104.3979972,27.34027136,22637,1
2018-01-12,12:00,87.685,44.335,11318,1
2018-01-12,12:00,87.685,44.335,11318,2
2018-01-13,00:10,111.47999,30.55655,35104,1
2018-01-13,01:20,95.647,30.732,24606,1
2018-01-13,06:50,112.62,37.748,29199,1
2018-01-13,07:10,112.615,32.981,35104,1
2018-01-13,07:10,109.6019957,29.75240704,26574,1
2018-01-13,23:20,114.6549926,32.76567839,27559,2
2018-01-14,00:10,86.717,43.543,18864,1
2018-01-14,02:10,106.801,27.37536909,19685,1
2018-01-14,04:20,114.599733,23.048531,13779,1
2018-01-14,07:50,87.016,43.919,15255,1
2018-01-14,09:30,81.9720296,41.2494038,22145,1
2018-01-15,00:10,116.095,39.72,22637,1
2018-01-15,05:30,87.2455,43.913,10006,1
2018-01-15,10:50,111.629,37.3965,27559,1
2018-01-15,13:00,87.2455,43.913,20177,1
2018-01-16,00:20,87.2455,43.913,16404,1
2018-01-16,11:20,113.73,34.863,29199,2
2018-01-16,16:40,115.19895,30.78079,31167,1
2018-01-16,16:40,115.1989508,30.78079201,31167,1
2018-01-17,00:00,120.733,32.167,21325,1
2018-01-17,00:10,110.455,34.13833333,24606,2
2018-01-17,00:10,119.0090251,31.989823,26246,2
2018-01-17,04:00,112.62,37.748,28543,1
2018-01-17,04:00,115.73,32.883,29199,1
2018-01-17,04:30,111.5419265,37.74254578,25590,2
2018-01-17,04:50,114.20667,30.785,26574,2
2018-01-17,05:00,119.9135,30.059,21653,2
2018-01-17,05:30,87.983,44.53272864,14763,1
2018-01-17,07:10,113.3889667,38.38114612,15748,1
2018-01-17,07:40,114.655,34.83411809,26574,2
2018-01-17,11:40,117.38,22.995,36089,1
2018-01-18,00:30,82.987,41.718,28871,1
2018-01-18,05:30,114.6035927,30.7843259,11811,1
2018-01-18,07:20,105.75,51.5,34000,0
2018-01-18,07:50,109.75,47.75,34000,0
2018-01-18,08:20,113.25,44.125,34000,0
2018-01-18,10:20,116.3217181,40.29553817,19685,1
2018-01-18,10:20,116.32172,40.29554,19685,1
2018-01-18,10:30,113.5,28.0,39000,0
2018-01-18,18:20,112.756204,35.05844178,22637,2
2018-01-19,00:40,116.896,37.481665,27559,2
2018-01-19,02:20,112.756204,35.05844178,22637,2
2018-01-19,03:30,109.602,31.73091457,28379,1
2018-01-19,07:50,114.655,33.665,34120,2
2018-01-19,09:30,109.8329987,19.07013568,26574,2
2018-01-20,01:00,115.0602,35.997751,22637,1
2018-01-20,02:30,81.636,41.49,26574,1
2018-01-20,08:20,91.765,29.255,23622,2
2018-01-20,09:10,109.602,31.10138945,26574,1
2018-01-20,10:10,104.2817,27.57945728,21653,1
2018-01-20,12:30,113.2735,38.2115,27559,1
2018-01-21,00:00,119.35795,26.21986,13779,1
2018-01-21,00:00,119.3579467,26.21986294,13779,1
2018-01-21,02:00,114.2639304,38.28078272,27559,1
2018-01-21,03:30,102.87,36.52,49212,1
2018-01-21,06:00,87.08014389,43.62047691,12795,1
2018-01-21,12:40,87.2455,43.913,16240,1
2018-01-21,13:50,115.73,32.883,27559,2
2018-01-22,06:50,118.0083333,25.25,14763,1
2018-01-22,10:30,104.357708,37.35125232,18700,1
2018-01-22,12:00,87.983,44.57769472,14763,1
2018-01-23,08:00,114.9169931,35.55361055,32152,1
2018-01-24,03:30,104.39,30.872,18700,1
2018-01-24,04:00,104.272,33.98652512,27559,2
2018-01-24,12:20,121.2893443,29.98552429,5905,1
2018-01-25,01:50,111.033,35.118,31167,2
2018-01-25,05:10,103.1315,24.812,31167,1
2018-01-25,05:50,114.6549963,33.2153392,27887,1
2018-01-25,13:40,106.801,26.85376,13123,1
2018-01-25,13:40,106.801,26.85376256,13123,1
2018-01-25,13:50,106.801,26.8983282,14763,1
2018-01-25,14:00,88.67184243,44.17092859,19192,1
2018-01-25,16:20,86.717,43.543,17716,2
2018-01-26,04:00,110.881,33.531,31332,2
2018-01-26,05:00,110.8809963,33.0813392,30183,2
2018-01-26,05:30,116.8935,38.026665,29199,2
2018-01-26,11:40,119.4152736,25.93311844,4921,1
2018-01-26,11:40,119.41527,25.93312,4921,1
2018-01-26,11:50,110.881,33.531,31167,2
2018-01-26,12:00,122.1639647,30.82151041,17716,1
2018-01-27,04:30,103.3780005,25.44425215,13287,1
2018-01-27,05:30,115.1925,33.274,23622,1
2018-01-27,11:20,101.05,41.99,33136,1
2018-01-27,13:10,112.6199922,36.84867839,21653,2
2018-01-28,03:30,113.8495,23.969,34120,1
2018-01-28,04:10,150.875,52.25,34000,0
2018-01-28,05:00,140.625,50.375,34000,0
2018-01-28,06:30,125.875,45.375,34000,0
2018-01-28,06:30,85.231,42.8125,27559,1
2018-01-28,07:40,116.375,40.25,34000,0
2018-01-28,07:50,115.25,39.5,34000,0
2018-01-28,08:00,114.75,38.375,34000,0
2018-01-28,08:10,114.875,37.0,34000,0
2018-01-28,08:20,114.75,35.75,39000,0
2018-01-28,08:30,90.61992444,29.55176893,26574,2
2018-01-28,08:40,114.5,33.25,39000,0
2018-01-28,08:50,114.375,32.0,39000,0
2018-01-28,08:50,120.3372445,27.92552889,17716,1
2018-01-28,09:30,113.5,27.5,39000,0
2018-01-28,09:50,113.875,24.875,34000,0
2018-01-28,11:30,115.8049996,39.96803392,8858,1
2018-01-28,11:40,120.6299993,27.66006784,17716,1
2018-01-28,11:40,120.63,27.66007,17716,1
2018-01-28,23:10,120.6299972,27.39027136,17716,1
2018-01-29,00:10,114.655,33.665,23622,1
2018-01-29,06:10,112.62,37.748,27066,1
2018-01-29,06:10,113.117,36.24,29199,1
2018-01-29,06:40,120.5615829,27.91266646,17716,1
2018-01-29,06:40,120.56158,27.91267,17716,1
2018-01-29,08:40,122.25,31.0,17716,2
2018-01-29,11:20,111.4284453,40.53128709,19192,0
2018-01-29,11:20,111.42845,40.53129,19192,0
2018-01-29,12:00,114.7214172,37.72933713,21653,2
2018-01-29,12:10,114.6100691,38.29972272,15748,2
2018-01-29,12:10,120.0452068,28.10105613,17716,1
2018-01-29,12:10,120.04521,28.10106,17716,1
2018-01-29,12:20,120.6299958,27.21040704,17716,1
2018-01-29,12:20,120.63,27.21041,17716,1
2018-01-29,15:30,105.0433333,26.36833333,21653,1
2018-01-29,16:50,104.79085,26.7515,24606,2
2018-01-30,00:30,107.192,30.138,17716,1
2018-01-30,00:40,120.978,32.097,30183,2
2018-01-30,00:40,103.873,36.3965,13123,1
2018-01-30,00:40,121.813,31.14,17716,1
2018-01-30,01:10,110.039,25.218,26574,1
2018-01-30,01:50,102.9360088,25.6489923,24606,1
2018-01-30,02:30,114.6549948,33.03547488,21653,2
2018-01-30,09:20,106.801,26.67389824,16732,1
2018-01-30,09:30,113.293,21.92,2460,0
2018-01-30,11:00,102.3663292,36.83589938,17716,1
2018-01-30,12:00,113.587,23.72289824,13779,1
2018-01-30,12:00,113.587,23.7229,13779,1
2018-01-30,12:00,107.895,30.551,26246,1
2018-01-30,16:30,113.6829988,24.00012211,10826,1
2018-01-30,23:30,103.25,24.75,39000,0
2018-01-30,23:40,104.875,24.25,39000,0
2018-01-30,23:50,108.127,29.975,24606,1
2018-01-31,01:20,106.8600373,29.05184251,20669,1
2018-01-31,01:20,119.66,29.813,23622,1
2018-01-31,05:00,119.665,25.93333,3116,1
2018-01-31,05:30,107.7448601,26.53588928,19685,1
2018-01-31,06:50,103.6057554,25.71193907,19685,1
2018-01-31,10:10,119.0064428,25.73945952,15748,1
2018-01-31,15:30,104.2817,26.86,32152,1
2018-02-01,00:30,110.2933333,20.5,14763,1
2018-02-01,01:50,109.7,27.44111,29199,2
2018-02-01,03:40,117.97,28.417,21653,2
2018-02-01,04:00,117.97,28.417,21653,2
2018-02-01,04:20,111.69886,40.94521,8858,1
2018-02-01,04:20,111.6988575,40.94521386,8858,1
2018-02-01,04:20,120.6966667,28.44333333,16732,1
2018-02-01,06:10,115.73,32.883,24606,2
2018-02-01,08:10,120.061,30.0265,28871,1
2018-02-02,00:50,116.5152438,40.13682201,5413,1
2018-02-02,01:50,87.34969749,43.81153715,6725,0
2018-02-02,06:00,114.1220481,32.32928528,27559,2
2018-02-02,06:00,114.12205,32.32929,27559,2
2018-02-02,11:00,113.19,23.022,34120,1
2018-02-03,01:10,104.2817,26.86,31167,1
2018-02-03,04:30,116.59833,40.5229908,11811,1
2018-02-03,05:00,107.6645341,26.53639598,19685,1
2018-02-03,05:00,107.66453,26.5364,19685,1
2018-02-03,12:30,112.208,28.068,27559,2
2018-02-03,13:30,110.4049964,28.6433392,27559,2
2018-02-04,00:30,114.20667,30.785,32152,1
2018-02-04,08:00,91.765,29.255,34120,2
2018-02-04,08:40,113.5167,27.648,27559,1
2018-02-05,00:00,117.983,26.531,23622,1
2018-02-05,02:20,119.385,25.74,22637,2
2018-02-05,04:10,116.48,40.16865,5905,1
2018-02-05,04:10,116.4800037,40.16865175,5905,1
2018-02-05,04:20,113.788819,24.1894914,17716,1
2018-02-05,05:10,113.7185,23.34,25590,1
2018-02-05,09:20,118.918,25.342,23622,2
2018-02-05,13:30,109.7,27.44111,26574,1
2018-02-05,15:50,117.6319986,23.87313568,19685,2
2018-02-05,23:40,106.703,28.16,25590,1
2018-02-06,00:10,106.553317,38.19451658,9842,1
2018-02-06,02:00,114.875,25.808,30183,1
2018-02-06,02:00,114.20667,30.785,26574,1
2018-02-06,04:10,111.677,27.231,30183,2
2018-02-06,04:20,113.421,24.979,26574,2
2018-02-06,05:10,114.4719516,26.18893558,29199,2
2018-02-06,06:50,106.6649977,28.78250385,25590,2
2018-02-06,06:50,106.6649918,28.06384746,26574,2
2018-02-06,07:40,106.703,28.16,20669,2
2018-02-06,09:30,101.9549245,36.59056629,21653,1
2018-02-06,09:50,106.9299324,26.40131069,12795,1
2018-02-06,10:50,116.767,23.8896608,25590,2
2018-02-06,12:20,87.685,44.335,15255,1
2018-02-06,12:20,106.132,27.97,25590,2
2018-02-06,14:10,106.8513221,29.71983818,17716,1
2018-02-06,15:50,106.848,30.2,31167,2
2018-02-06,16:00,106.655,29.72,36089,2
2018-02-06,23:50,104.6815,30.891,17224,1
2018-02-07,04:40,109.602,30.292,33136,2
2018-02-07,07:20,114.875,25.808,30183,2
2018-02-07,09:10,120.6299986,27.57013568,17716,1
2018-02-07,09:30,113.30833,24.0644912,32152,1
2018-02-07,09:30,113.692,29.907,32152,1
2018-02-07,11:00,114.2066671,30.42527136,31167,2
2018-02-07,13:30,120.3435604,27.49562403,18700,1
2018-02-08,07:00,114.2066671,30.42527136,26574,2
2018-02-08,07:00,112.615,32.981,27559,1
2018-02-08,09:50,93.67,42.843,33136,1
2018-02-08,10:40,87.983,44.173,16732,1
2018-02-08,12:40,103.9985,30.9385,12303,1
2018-02-08,12:50,87.475,43.907,14763,1
2018-02-08,13:30,104.3976,31.1271,17716,1
2018-02-08,17:10,88.60922294,44.17128793,15748,1
2018-02-08,20:20,102.5,37.5,34000,0
2018-02-08,21:40,92.375,42.25,34000,0
2018-02-08,22:20,111.47999,30.55655,29199,2
2018-02-08,23:10,106.8748222,29.43190991,26574,2
2018-02-08,23:10,106.87482,29.43191,26574,2
2018-02-08,23:50,115.805,39.94555088,15748,1
2018-02-08,23:50,115.805,39.94555,15748,1
2018-02-09,00:10,108.853,34.222,31167,2
2018-02-09,01:40,87.945,44.445,13287,1
2018-02-09,02:10,114.20667,30.785,28543,2
2018-02-09,06:10,113.2966667,34.02666667,21653,2
2018-02-09,08:20,115.2832691,29.79437223,26574,2
2018-02-09,09:30,102.5603741,36.50778512,15748,1
2018-02-09,09:30,102.56037,36.50779,15748,1
2018-02-09,09:30,102.6627656,36.52505804,15748,1
2018-02-09,10:10,116.0557976,39.75178889,9842,2
2018-02-09,11:30,103.846,36.066,13779,1
2018-02-09,11:50,114.0,21.75,14000,0
2018-02-09,12:00,102.5497688,36.50768021,15748,1
2018-02-09,12:00,114.0,21.5,18000,0
2018-02-09,13:30,104.948,30.662,13779,1
2018-02-09,16:00,89.625,24.125,39000,0
2018-02-09,16:00,104.948,30.662,15748,2
2018-02-09,16:40,86.125,25.875,34000,0
2018-02-09,17:00,103.26937,26.08896,16732,2
2018-02-09,17:00,103.2693659,26.08896337,16732,2
2018-02-10,01:10,115.95,39.8665,9842,1
2018-02-10,01:20,116.59833,40.25319432,6889,1
2018-02-10,02:10,113.277,29.314,27559,2
2018-02-10,10:20,100.245,26.679,9842,2
2018-02-10,11:40,108.5312093,34.25400984,9842,2
2018-02-10,12:20,120.6966667,28.44333333,16732,1
2018-02-11,06:40,119.66,29.813,23622,2
2018-02-11,06:50,87.475,44.08686432,9842,1
2018-02-11,06:50,87.475,44.08686,9842,1
2018-02-11,08:20,122.2338772,30.75768636,39041,2
2018-02-11,08:20,122.23388,30.75769,39041,2
2018-02-11,09:30,116.3626638,39.88229073,9842,1
2018-02-11,09:40,108.6013932,33.57199302,13779,1
2018-02-11,09:50,140.5,35.75,14000,0
2018-02-11,10:00,141.0,34.875,24000,0
2018-02-11,11:30,132.875,30.5,34000,0
2018-02-11,11:40,132.0,30.0,34000,0
2018-02-11,11:40,116.8353184,40.26383627,8858,1
2018-02-11,12:30,127.75,26.875,34000,0
2018-02-11,14:10,117.25,22.375,34000,0
2018-02-11,14:20,116.125,22.25,30000,0
2018-02-12,04:40,120.2498311,30.06940151,8202,1
2018-02-12,05:50,121.2432526,30.01705262,5905,1
2018-02-12,06:00,121.2432526,30.01705262,5905,1
2018-02-12,06:20,121.2432526,30.01705262,6889,1
2018-02-12,13:20,82.987,41.718,30839,1
2018-02-12,19:40,105.25,15.375,34000,0
2018-02-12,20:20,100.125,14.375,34000,0
2018-02-12,20:40,97.5,14.25,34000,0
2018-02-12,21:00,95.0,14.875,34000,0
2018-02-12,21:10,93.75,15.25,34000,0
2018-02-12,21:20,92.375,15.5,34000,0
2018-02-12,22:40,82.625,17.875,39000,0
2018-02-12,23:10,79.25,19.0,39000,0
2018-02-12,23:30,76.875,19.625,39000,0
2018-02-14,11:00,106.917,28.767,20669,1
2018-02-14,11:50,107.8687045,29.69899192,26574,1
2018-02-14,12:40,83.78,43.785,27559,2
2018-02-14,12:40,104.703,31.07,29199,2
2018-02-14,12:50,104.678,31.467,33136,2
2018-02-14,13:20,84.72321173,43.78067076,30183,1
2018-02-15,02:20,109.602,31.10138945,27559,1
2018-02-15,06:50,107.1933333,36.66,29199,1
2018-02-15,06:50,107.19333,36.66,29199,1
2018-02-15,07:40,109.602,30.292,25590,1
2018-02-15,08:30,107.007,30.543,23622,1
2018-02-15,09:00,107.59333,31.10333,26574,1
2018-02-15,09:00,107.5933333,31.10333333,26574,1
2018-02-15,09:20,106.848,30.46979648,26574,1
2018-02-16,00:20,120.733,32.167,21325,2
2018-02-16,00:20,120.32,31.59,22637,2
2018-02-16,00:30,106.703,28.16,25590,1
2018-02-16,00:30,106.848,30.6496608,26574,1
2018-02-16,00:40,113.949335,30.346,32152,1
2018-02-16,02:10,87.8385,44.455,18700,1
2018-02-16,05:50,113.5665,35.182665,25098,1
2018-02-16,06:30,113.200279,29.90599006,30183,2
2018-02-16,06:40,113.117,36.24,30183,1
2018-02-16,08:10,93.67,42.843,27559,1
2018-02-16,08:10,113.277,29.314,29199,2
2018-02-16,08:20,114.655,33.665,23622,1
2018-02-16,09:30,113.143,30.638,29199,1
2018-02-16,13:30,113.30833,23.56986432,13779,1
2018-02-17,01:50,101.05,41.99,35104,1
2018-02-17,14:20,104.2730677,30.76594794,11482,2
2018-02-18,10:10,106.4857701,30.8096202,24606,1
2018-02-18,12:30,106.848,30.2,26574,1
2018-02-18,16:20,104.3029989,29.79325193,9350,2
2018-02-18,16:20,106.755,30.46686432,9842,2
2018-02-19,00:30,115.3065,36.235165,23622,1
2018-02-19,01:20,114.835,35.5275,20669,1
2018-02-19,01:20,114.1575,35.9875,20669,1
2018-02-19,03:50,110.881,33.531,26902,1
2018-02-19,08:30,107.378,29.7,24606,1
2018-02-19,08:40,91.49382452,29.48108394,23622,2
2018-02-19,10:50,113.927,38.675,27559,1
2018-02-19,15:40,104.39,30.872,13779,1
2018-02-20,00:50,104.4385,30.315,12303,1
2018-02-21,09:10,105.96269,38.67412,13779,1
2018-02-21,09:10,105.9626902,38.67412225,13779,1
2018-02-21,09:40,104.152,35.91189824,18700,1
2018-02-21,11:40,87.685,44.335,5905,2
2018-02-21,15:50,121.875,12.875,34000,0
2018-02-21,16:20,124.0,9.375,34000,0
2018-02-21,19:30,140.25,-11.125,34000,0
2018-02-21,20:50,148.5,-19.125,39000,0
2018-02-21,21:40,154.5,-24.0,39000,0
2018-02-21,22:10,157.625,-27.0,39000,0
2018-02-21,23:50,171.375,-34.625,39000,0
2018-02-22,04:10,87.016,43.919,16732,1
2018-02-22,06:50,102.935,25.71809589,33136,1
2018-02-22,10:10,110.358,21.2144,25590,1
2018-02-22,10:30,109.7363807,18.72990383,15748,0
2018-02-22,12:30,111.982,21.858,21653,1
2018-02-22,13:30,113.85,23.092,24606,1
2018-02-23,01:30,80.67005945,41.26231074,11811,1
2018-02-23,03:40,106.665,29.052,9514,1
2018-02-23,04:50,110.039,25.218,32152,1
2018-02-23,10:40,103.31564,25.84225,14763,1
2018-02-23,10:40,103.3156387,25.84225429,14763,1
2018-02-23,14:20,113.57,23.5,32152,2
2018-02-23,23:00,120.63,27.75,31167,0
2018-02-24,05:00,87.17077545,43.82671499,6889,1
2018-02-24,05:00,87.17078,43.82671,6889,1
2018-02-24,05:30,109.25,15.625,39000,0
2018-02-24,05:40,109.5,16.75,39000,0
2018-02-24,13:40,120.0202672,28.10123702,18208,1
2018-02-24,23:30,113.9089773,30.78462454,29199,1
2018-02-25,08:40,120.6299979,27.48020352,17716,0
2018-02-25,14:30,109.4518146,18.72997711,13779,1
2018-02-26,00:50,112.291,32.1506,32152,1
2018-02-26,12:50,103.94833,30.58,7874,2
2018-02-26,16:00,105.3,26.643,31167,1
2018-02-27,02:00,104.2556667,24.4285,29691,1
2018-02-27,06:40,108.3020734,26.09696642,18700,2
2018-02-27,09:50,103.8385,27.535,30183,1
2018-02-27,10:50,102.0757595,36.72144825,21653,1
2018-02-27,12:30,114.807665,37.322335,27559,1
2018-02-27,13:40,103.4230126,36.67164072,21653,1
2018-02-27,14:30,112.8842713,28.0661536,27559,2
2018-02-28,02:30,114.20667,30.785,30183,2
2018-02-28,03:50,88.20391439,44.52403617,14763,1
2018-02-28,05:30,112.3401458,37.7866697,16404,2
2018-02-28,05:30,112.34015,37.78667,16404,2
2018-02-28,06:00,111.9478628,37.83969375,13779,1
2018-02-28,06:40,113.692,30.3566608,31167,2
2018-02-28,06:50,117.21,29.292,26574,2
2018-02-28,11:10,120.851,28.18279648,7381,1
2018-02-28,12:10,119.9135,30.059,31496,2
2018-02-28,12:10,87.47499863,43.77225193,12303,1
2018-02-28,13:40,104.39,30.872,18700,1
2018-02-28,16:40,104.6879625,30.87161926,9842,1
2018-03-01,05:20,102.4298225,36.70570507,17716,1
2018-03-01,08:20,107.0497946,26.30346951,9842,2
2018-03-01,09:30,108.8047155,22.11795145,17716,1
2018-03-01,10:40,104.3166667,32.41,9120,2
2018-03-01,14:20,112.4848235,27.39240496,29199,1
2018-03-02,01:20,119.9135,30.059,27887,1
2018-03-02,06:00,112.2371831,38.06527466,8858,1
2018-03-02,11:00,107.77,32.175,23622,1
2018-03-02,23:20,103.2949986,26.32113568,24606,1
2018-03-02,23:30,117.21,29.56179648,32152,1
2018-03-02,23:30,117.21,29.292,32152,2
2018-03-03,00:20,114.43,31.7746608,26574,1
2018-03-03,00:20,114.43,31.776,26574,1
2018-03-03,07:00,123.375,26.125,30000,0
2018-03-03,07:10,124.75,27.125,30000,0
2018-03-03,09:20,146.375,37.375,34000,0
2018-03-03,10:10,155.25,40.375,34000,0
2018-03-03,10:40,160.75,42.25,34000,0
2018-03-03,11:10,166.5,44.0,34000,0
2018-03-03,11:30,170.625,45.25,34000,0
2018-03-03,12:00,177.0,47.25,34000,0
2018-03-04,06:00,104.665,36.02666667,29199,2
2018-03-04,07:30,107.0441667,36.98583334,29199,1
2018-03-04,10:20,113.343,28.393,26574,2
2018-03-04,12:00,109.9391317,25.12257609,5741,2
2018-03-04,23:40,86.717,43.543,8366,2
2018-03-04,23:50,87.685,44.335,9022,1
2018-03-05,05:40,87.685,44.335,11811,1
2018-03-05,06:00,112.208,28.068,27559,1
2018-03-05,06:00,111.613,26.42,27559,2
2018-03-05,12:40,113.4149986,24.01013568,14107,1
2018-03-06,00:30,122.2765,31.45,30183,1
2018-03-06,00:30,103.922,27.747,31167,1
2018-03-06,08:30,93.6,30.385,35104,1
2018-03-06,11:10,109.095,21.85,11811,2
2018-03-06,16:10,113.277,29.314,29199,2
2018-03-06,17:40,102.69,26.15666667,16732,2
2018-03-07,00:10,113.64,29.25833333,31167,2
2018-03-07,01:20,112.2079951,27.43847488,30183,2
2018-03-07,02:10,113.21833,28.19,31167,2
2018-03-07,03:50,108.369499,22.80064176,7874,1
2018-03-07,06:10,109.45,28.58,26574,2
2018-03-07,07:00,112.2763691,37.5902973,11811,1
2018-03-07,08:40,106.621568,38.13064401,12795,1
2018-03-07,12:00,122.363,29.932,27887,2
2018-03-08,06:40,114.1119973,23.99027136,27559,2
2018-03-08,09:50,102.1818624,36.46995614,19685,1
2018-03-09,04:30,101.7899986,23.80713568,22637,1
2018-03-09,14:20,87.475,43.907,4265,1
2018-03-10,09:30,109.6019942,29.57254272,33136,1
2018-03-10,17:40,75.125,41.375,34000,0
2018-03-10,18:10,80.75,41.125,34000,0
2018-03-10,19:40,95.5,36.875,34000,0
2018-03-10,19:50,97.125,36.25,34000,0
2018-03-10,21:10,105.125,28.75,34000,0
2018-03-10,21:40,108.0,25.375,34000,0
2018-03-10,21:50,109.0,24.125,34000,0
2018-03-11,16:30,114.25,22.125,14000,0
2018-03-11,16:50,113.625,23.75,24000,0
2018-03-11,17:00,112.5,24.125,30000,0
2018-03-11,17:20,110.375,25.375,30000,0
2018-03-11,18:50,104.375,33.5,34000,0
2018-03-11,19:00,104.25,34.875,34000,0
2018-03-11,19:20,103.25,37.0,34000,0
2018-03-11,20:10,96.0,39.875,34000,0
2018-03-11,20:30,93.375,41.25,34000,0
2018-03-11,21:10,88.125,44.125,34000,0
2018-03-11,21:20,87.0,44.875,34000,0
2018-03-13,08:30,133.375,32.75,34000,0
2018-03-13,16:20,110.039,25.218,31167,1
2018-03-14,00:10,120.167,30.305,34120,2
2018-03-14,09:00,83.6265,45.181,26574,1
2018-03-14,09:40,112.2909949,31.52107488,32152,1
2018-03-14,09:40,114.702822,30.78394714,34120,1
2018-03-14,11:30,113.5166965,27.1983392,32152,1
2018-03-14,12:00,115.97,28.431,30183,2
2018-03-14,12:50,78.83,41.567,34120,2
2018-03-14,12:50,117.0947218,23.12166008,29199,2
2018-03-14,13:00,82.987,41.718,30183,1
2018-03-16,12:20,112.0895371,37.30153624,12795,1
2018-03-17,09:00,129.375,31.5,34000,0
2018-03-17,09:10,128.375,31.125,34000,0
2018-03-17,09:20,127.5,30.375,34000,0
2018-03-17,10:10,123.125,26.5,34000,0
2018-03-17,10:20,122.125,25.75,34000,0
2018-03-17,13:00,113.692,30.26672864,32152,1
2018-03-17,13:00,114.9703813,30.43462977,32152,2
2018-03-18,01:30,112.1754557,29.91857319,32152,1
2018-03-18,01:30,110.441176,30.28901841,32152,1
2018-03-18,10:00,101.565,24.623,37073,2
2018-03-18,23:30,110.31585,20.26,27066,1
2018-03-19,00:10,114.655,34.56432161,31167,2
2018-03-19,04:40,113.528,23.87,38057,1
2018-03-19,05:10,112.7375825,28.63421205,26246,2
2018-03-19,07:20,110.136697,19.61030528,27559,2
2018-03-19,16:10,104.08,37.46679648,19685,1
2018-03-20,01:20,112.7323682,22.00500923,27559,1
2018-03-20,04:00,120.74,28.858,16732,1
2018-03-20,04:10,102.025,25.05516667,24114,1
2018-03-20,10:40,120.851,27.913,1722,1
2018-03-20,11:50,102.03,36.527,14763,1
2018-03-21,05:20,106.5,21.875,24000,0
2018-03-21,05:30,107.75,22.375,24000,0
2018-03-21,09:50,102.936,25.11,8858,1
2018-03-23,06:00,111.7892493,37.04524045,17716,2
2018-03-25,09:30,98.644,39.6925,29855,1
2018-03-26,00:50,87.475,43.907,1968,1
2018-03-26,07:00,94.198,30.7368304,34120,2
2018-03-26,07:00,94.198,30.737,34120,2
2018-03-26,11:00,115.4129888,26.31562854,34120,2
2018-03-26,11:50,109.482996,18.79358048,8366,1
2018-03-26,23:50,113.927,38.675,32152,1
2018-03-27,07:00,113.6919993,29.81706784,36089,1
2018-03-27,11:40,104.2556667,24.4285,29199,2
2018-03-27,23:50,111.1733333,26.58333333,30183,2
2018-03-28,06:50,114.2066678,30.51520352,31167,2
2018-03-28,07:20,111.825,41.20972864,16732,1
2018-03-29,10:50,79.868,37.037,37073,1
2018-03-29,13:00,113.385,23.535,19685,1
2018-03-29,13:10,102.5,19.875,39000,0
2018-03-29,15:40,85.5,25.5,39000,0
2018-03-29,16:10,81.875,26.5,39000,0
2018-03-29,16:20,80.625,26.875,39000,0
2018-03-29,23:20,91.99125697,44.1013764,31660,1
2018-03-30,01:20,102.4,36.56993216,17716,0
2018-03-30,01:20,102.4,36.57,17716,0
2018-03-30,02:20,84.953,45.466,24606,1
2018-03-30,07:50,109.174,18.752,13779,2
2018-03-30,09:10,111.613,26.42,30183,1
2018-03-30,09:50,110.8436425,25.97866716,30183,2
2018-03-31,08:40,118.5,27.40884213,26574,1
2018-04-01,04:30,106.848,30.2,31167,1
2018-04-02,03:40,86.717,43.543,20341,1
2018-04-02,03:50,120.875,9.25,34000,0
2018-04-02,04:20,122.75,5.625,34000,0
2018-04-02,05:00,125.5,1.0,34000,0
2018-04-02,05:20,126.375,-1.5,34000,0
2018-04-02,05:50,128.875,-4.5,34000,0
2018-04-02,06:00,129.625,-5.75,34000,0
2018-04-02,06:20,87.475,43.907,14763,1
2018-04-02,06:40,132.875,-10.125,34000,0
2018-04-02,07:50,138.625,-17.875,34000,0
2018-04-02,08:10,140.25,-20.125,39000,0
2018-04-02,08:30,142.0,-22.375,39000,0
2018-04-02,10:10,113.6383964,30.63695327,30183,1
2018-04-03,06:50,109.63,29.50833333,31167,1
2018-04-03,07:00,109.602,30.292,33136,1
2018-04-03,11:10,88.69612097,44.17052954,17716,1
2018-04-04,01:10,120.4330256,28.8456531,17716,1
2018-04-04,01:20,120.725,28.98089824,18700,0
2018-04-04,04:40,110.881,33.531,16732,1
2018-04-04,12:50,87.983,44.173,7874,1
2018-04-04,23:20,115.2091071,38.61380324,8202,1
2018-04-04,23:30,115.195,38.18333333,11482,1
2018-04-04,23:50,106.8263091,38.32077615,13779,1
2018-04-05,05:40,112.50663,37.59235,10826,1
2018-04-05,05:40,112.5066272,37.59235275,10826,1
2018-04-05,06:20,102.04167,36.70653432,14763,0
2018-04-05,08:40,104.5316667,37.42333333,17716,1
2018-04-05,12:00,110.272635,25.44036581,7874,1
2018-04-05,12:30,111.8999927,39.96142758,20669,2
2018-04-05,12:50,104.6000058,31.18301767,11482,1
2018-04-05,13:20,110.987569,40.02266431,20669,2
2018-04-06,01:00,112.2845631,37.70072986,8858,1
2018-04-06,06:00,106.705562,38.06047656,8858,1
2018-04-06,06:20,111.8994344,36.7333907,15748,2
2018-04-06,08:30,108.591,33.838,12795,1
2018-04-06,09:20,112.1967576,37.74612969,11811,2
2018-04-06,13:40,113.30833,23.39,4429,1
2018-04-07,04:10,120.4373446,27.74985345,6889,1
2018-04-07,06:50,114.09,38.285,10826,1
2018-04-08,06:00,87.475,43.907,13943,1
2018-04-09,23:50,116.572,39.195,11811,1
2018-04-10,05:00,83.6715,40.472,31167,1
2018-04-10,09:00,82.987,41.718,27559,1
2018-04-10,13:40,119.5618243,25.76797124,4921,1
2018-04-11,00:40,87.016,43.919,14763,1
2018-04-11,06:00,111.5419265,37.74254578,29199,1
2018-04-11,06:40,114.815,37.28333333,32152,1
2018-04-11,18:40,113.6931315,24.45680321,14763,2
2018-04-11,23:50,111.8674299,27.74957728,31167,2
2018-04-13,08:50,87.58,44.121,9842,1
2018-04-13,16:40,87.6044598,43.8530272,8366,2
2018-04-13,16:40,87.60446,43.85303,8366,2
2018-04-14,01:40,112.050399,40.84975522,8202,2
2018-04-14,01:40,112.0504,40.84976,8202,2
2018-04-14,04:20,116.572,39.195,7874,1
2018-04-15,01:40,114.20667,30.785,31167,1
2018-04-15,03:50,117.2150133,37.5769864,29199,2
2018-04-15,10:00,118.75,25.375,30000,0
2018-04-15,10:40,116.125,22.25,30000,0
2018-04-15,10:50,115.375,22.375,18000,0
2018-04-16,05:30,87.834,44.254,14271,1
2018-04-18,05:00,116.2811093,39.12594358,14763,1
2018-04-18,07:40,115.6936943,40.01294174,13779,1
2018-04-18,08:30,87.685,44.335,14763,1
2018-04-19,13:00,81.636,41.49,26410,1
2018-04-19,15:50,112.8495041,40.51745735,11811,1
2018-04-19,15:50,112.5001786,40.84780297,11811,1
2018-04-20,10:40,89.612,43.988,32152,1
2018-04-20,10:50,117.213,36.418,29199,1
2018-04-21,01:40,112.963,28.018,30183,1
2018-04-21,02:30,113.277,29.314,32152,1
2018-04-21,05:30,106.653,29.747,32152,2
2018-04-21,12:30,120.691,28.42279648,16732,1
2018-04-21,14:10,115.9163056,40.01294042,16732,1
2018-04-21,16:10,113.10194,29.90554,38057,2
2018-04-21,16:10,113.1019367,29.9055445,38057,2
2018-04-22,02:00,113.857,23.508,27559,1
2018-04-22,09:20,103.9,25.98,19685,2
2018-04-22,12:00,114.20667,30.785,32152,2
2018-04-22,13:30,112.62,38.55738945,14271,1
2018-04-22,13:30,112.62,38.55739,14271,1
2018-04-23,08:30,113.875,22.0,14000,0
2018-04-23,09:20,111.5,15.875,34000,0
2018-04-23,10:00,108.5,11.25,34000,0
2018-04-23,10:10,107.75,10.125,34000,0
2018-04-23,11:00,106.375,3.625,39000,0
2018-04-25,01:50,114.5,22.125,14000,0
2018-04-25,05:10,141.75,35.5,30000,0
2018-04-25,05:20,143.125,36.5,30000,0
2018-04-25,05:30,144.5,37.375,30000,0
2018-04-25,05:40,145.75,38.625,30000,0
2018-04-25,06:50,156.5,46.125,30000,0
2018-04-25,07:20,161.625,48.75,34000,0
2018-04-25,08:00,168.625,51.625,34000,0
2018-04-26,04:30,106.6633209,38.32132053,9842,1
2018-04-26,04:30,106.66332,38.32132,9842,1
2018-04-26,10:40,110.8860157,30.55505591,29199,1
2018-04-27,03:50,91.53,43.44,30183,1
2018-04-27,07:20,113.19,34.278,26246,1
2018-04-27,07:30,86.717,43.543,20177,1
2018-04-27,10:40,108.860023,23.69768419,21653,1
2018-04-28,00:00,111.622,29.2976608,29199,1
2018-04-28,06:00,113.0130147,38.00719109,11811,1
2018-04-28,13:10,87.685,44.335,18700,1
2018-04-29,00:20,111.648,29.353,30511,2
2018-04-29,00:20,113.692,29.907,32152,1
2018-04-29,00:40,112.84333,30.670775,29199,1
2018-04-29,08:40,87.60746172,44.00220468,8858,1
2018-04-29,08:40,87.60746,44.0022,8858,1
2018-04-29,13:40,114.20667,31.78432617,32152,1
2018-04-30,05:20,120.63,27.75,30183,1
2018-04-30,05:30,112.5019985,41.35619547,12795,1
2018-05-01,00:10,116.59833,40.25319432,8366,1
2018-05-01,03:50,87.475,43.907,1000,0
2018-05-01,04:10,102.6644116,36.86606518,17716,0
2018-05-01,06:30,103.5443803,36.6818054,19685,1
2018-05-01,10:50,114.20667,30.785,38057,1
2018-05-01,12:20,103.94833,30.58,7874,1
2018-05-01,23:00,87.685,44.335,17388,1
2018-05-01,23:10,112.62,37.748,28543,1
2018-05-02,06:40,115.805,40.19286432,22637,1
2018-05-02,07:10,116.59833,40.07333,5413,1
2018-05-02,09:40,116.8353184,40.26383627,6889,1
2018-05-02,09:50,116.8353184,40.26383627,6889,2
2018-05-02,13:40,112.62,37.748,28543,1
2018-05-03,05:10,109.413,18.48286432,10826,1
2018-05-03,09:40,120.851,27.913,39041,2
2018-05-04,04:40,126.785,47.8975,20669,1
2018-05-04,11:50,111.9635,40.4675,16732,1
2018-05-04,12:00,111.5415,40.6325,16732,2
2018-05-04,13:30,125.852,44.30959296,29199,1
2018-05-05,01:30,120.6966667,28.44333333,16732,1
2018-05-05,07:40,102.9359978,24.84050385,13779,1
2018-05-06,06:30,123.8272203,41.64143421,9,1
2018-05-07,00:00,114.20667,30.785,31167,1
2018-05-07,05:00,87.016,43.919,19685,1
2018-05-07,06:20,113.3867689,23.21263907,34120,2
2018-05-07,06:30,114.20667,30.785,33136,1
2018-05-07,07:50,111.8249959,40.4003392,13779,1
2018-05-07,07:50,111.825,40.40034,13779,1
2018-05-07,11:10,87.43520687,43.86294196,18700,1
2018-05-07,13:00,86.36417913,43.54239928,27559,1
2018-05-07,17:20,89.6119968,43.65525101,27559,2
2018-05-07,23:50,112.62,37.748,27887,1
2018-05-08,02:20,112.62,37.748,29527,1
2018-05-08,05:00,103.621,36.513,16240,1
2018-05-08,08:10,91.696,42.518,27559,2
2018-05-08,08:20,120.0452068,28.10105613,17716,1
2018-05-09,16:00,104.39,30.872,18700,1
2018-05-10,00:10,125.8519915,42.87067839,31167,1
2018-05-10,02:10,122.363,29.932,30347,2
2018-05-11,05:40,103.8584332,36.91984246,13779,1
2018-05-11,05:50,104.054384,36.92510932,13779,1
2018-05-11,06:00,112.1987195,38.09692593,11811,1
2018-05-11,13:00,116.902,39.34196608,13779,1
2018-05-12,05:10,104.08,37.51143256,18700,1
2018-05-12,05:40,112.2965626,37.74751118,24606,2
2018-05-13,01:50,112.615,32.981,27559,2
2018-05-13,09:30,116.976,31.988,31167,2
2018-05-13,12:00,116.976,31.988,30675,2
2018-05-14,05:00,105.7560501,26.92784332,11811,1
2018-05-14,09:20,106.6649973,28.71025779,13451,1
2018-05-15,02:00,86.8,44.83333333,35104,1
2018-05-15,07:30,123.5,31.5,30183,2
2018-05-15,12:10,113.6553469,30.78370752,35104,2
2018-05-18,04:40,116.748,40.33,34120,2
2018-05-18,04:50,115.3973907,30.7789414,37073,2
2018-05-18,07:20,116.5983284,39.89346568,4921,1
2018-05-18,07:20,116.59833,39.89347,4921,1
2018-05-19,11:10,123.5832269,44.45446834,31167,1
2018-05-20,00:50,113.9252603,31.03903172,26574,1
2018-05-20,01:40,110.2131586,25.4901866,8858,1
2018-05-20,07:40,87.685,44.335,9350,1
2018-05-21,04:10,107.478218,38.31608867,16732,2
2018-05-21,06:30,126.056,44.6985,25590,1
2018-05-22,02:00,113.7665,38.1675,26574,1
2018-05-22,07:40,107.77,31.81527136,21653,1
2018-05-22,08:40,107.5933333,31.10333333,26574,1
2018-05-22,09:10,121.7727637,41.64443811,16732,1
2018-05-22,13:00,120.27,35.37666667,27559,1
2018-05-23,08:00,116.0614845,39.72563401,14763,1
2018-05-23,09:50,114.20667,31.68432161,27559,1
2018-05-24,00:50,112.62,37.748,27559,1
2018-05-24,02:10,84.953,45.466,31824,1
2018-05-24,07:30,99.14726803,38.67333452,32152,2
2018-05-24,09:50,102.03,36.527,21653,1
2018-05-25,03:30,114.555,38.455,27559,1
2018-05-25,04:20,114.555,38.455,32152,1
2018-05-25,07:40,98.63444959,37.6373609,33136,2
2018-05-26,10:50,113.62788,33.9661,15748,2
2018-05-26,11:50,113.398,35.612,26574,1
2018-05-27,01:20,124.1629959,40.9573392,15748,1
2018-05-27,03:40,108.9526195,21.84481381,21653,1
2018-05-27,12:50,122.5145915,41.10474874,11811,1
2018-05-29,03:30,111.6818026,40.73543747,9842,1
2018-05-30,04:40,87.905,43.506,6069,1
2018-05-30,06:40,108.94,34.945,32316,1
2018-05-30,11:40,111.49667,36.04306,33136,1
2018-05-30,11:50,87.38217595,43.81130104,5905,1
2018-05-30,11:50,87.38218,43.8113,5905,1
2018-05-30,12:20,112.0809422,37.74663886,29199,1
2018-05-31,03:40,105.7812677,37.81117551,11811,1
2018-05-31,04:00,109.602,30.292,29199,1
2018-05-31,04:30,106.7775373,38.63892561,12795,1
2018-05-31,08:40,117.07225,40.69474,11811,1
2018-05-31,08:40,117.0722503,40.69474344,11811,1
2018-05-31,09:10,87.141749,43.65209542,17716,1
2018-05-31,11:20,87.983,44.173,15912,1
2018-06-01,15:30,104.2,30.512,8858,1
2018-06-02,00:20,108.727405,22.60893985,16732,1
2018-06-02,00:20,108.7274,22.60894,16732,1
2018-06-02,05:40,114.525,32.33,29199,1
2018-06-02,05:40,112.62,37.748,29199,1
2018-06-02,10:30,111.748,33.256,29691,1
2018-06-02,10:30,111.74088,33.8991,29691,1
2018-06-02,10:30,111.7296667,34.368,29691,1
2018-06-02,13:20,106.9865292,38.78387366,16732,1
2018-06-03,00:00,112.62,37.748,32152,1
2018-06-04,23:40,116.59833,40.34312648,17716,1
2018-06-05,08:10,113.153,41.843,16404,2
2018-06-05,08:50,110.9850098,30.55551326,29199,2
2018-06-05,09:20,86.717,43.543,19685,1
2018-06-05,12:30,111.3576252,40.78666343,11811,2
2018-06-06,04:10,120.74,28.858,19192,1
2018-06-06,06:00,105.9027021,38.32054486,18700,1
2018-06-06,06:40,119.6599964,29.3633392,24606,2
2018-06-06,10:20,112.4805799,37.84030801,7874,1
2018-06-06,10:20,112.48058,37.84031,7874,1
2018-06-06,11:50,116.5983277,39.82151995,2952,1
2018-06-06,12:20,112.4805799,37.84030801,7874,1
2018-06-06,12:50,113.4915485,37.16640622,12795,1
2018-06-06,13:50,120.63,28.10972864,17716,1
2018-06-06,23:30,114.20667,30.785,34120,2
2018-06-07,02:10,114.20667,30.785,35104,1
2018-06-07,04:30,111.47999,30.55655,30183,2
2018-06-07,06:30,111.47999,30.55655,27559,2
2018-06-07,08:00,114.743335,30.9565,29199,2
2018-06-07,14:00,114.20667,30.785,29199,2
2018-06-07,16:10,113.8546739,31.10243331,32152,2
2018-06-08,11:00,88.01554891,44.04029426,6889,1
2018-06-08,12:10,114.7509499,38.4548178,7217,1
2018-06-09,01:10,105.0433333,26.36833333,25590,1
2018-06-09,05:00,109.602,30.292,33136,1
2018-06-09,05:00,111.47999,30.55655,29199,1
2018-06-09,05:40,112.0102703,29.3524542,31167,2
2018-06-09,11:50,116.5143913,23.82363915,23622,1
2018-06-10,16:20,104.678,31.467,33136,2
2018-06-11,07:50,112.6200135,38.4666564,21653,1
2018-06-11,11:30,115.0228628,36.3629477,24606,2
2018-06-11,17:20,114.20667,30.785,27559,2
2018-06-12,00:40,113.692,29.907,15748,1
2018-06-12,10:10,103.8010119,36.68490301,21653,1
2018-06-13,16:00,104.2839988,30.60681795,9842,1
2018-06-14,00:10,80.89787054,41.73817642,16732,1
2018-06-14,00:10,80.89787,41.73818,16732,1
2018-06-16,02:00,81.10181241,41.89577534,16732,1
2018-06-16,09:10,114.6983,40.07864321,32152,1
2018-06-16,12:30,114.43,32.22432,27559,1
2018-06-16,12:30,114.43,32.22432161,27559,1
2018-06-17,07:10,108.5762,34.79916,16404,1
2018-06-18,00:30,112.62,37.748,36089,1
2018-06-18,14:30,112.3674576,40.43583733,18700,1
2018-06-19,09:20,112.207993,27.16867839,31167,2
2018-06-19,09:20,112.20799,27.16868,31167,2
2018-06-19,11:10,104.39,30.872,12795,1
2018-06-20,04:10,116.3613451,40.26383908,9842,1
2018-06-20,04:10,116.36135,40.26384,9842,1
2018-06-21,04:20,103.0929592,36.95685518,17716,0
2018-06-21,05:10,114.65065,38.7135,32152,2
2018-06-21,07:30,103.5083609,36.60832979,18700,1
2018-06-21,07:40,117.375,39.08,33628,1
2018-06-22,01:30,87.016,43.919,20669,1
2018-06-23,07:10,107.752644,22.38487639,24606,2
2018-06-23,10:50,112.2019991,39.40216795,16732,2
2018-06-24,11:40,101.79852,26.54231,22637,2
2018-06-26,06:50,100.0833333,23.86333333,35104,1
2018-06-26,08:20,116.767,23.61986432,35104,1
2018-06-26,11:50,114.3477214,33.6645799,20669,2
2018-06-28,10:10,107.192,32.44186432,33136,2
2018-06-28,12:30,112.207993,27.16867839,34120,2
2018-06-28,12:30,112.20799,27.16868,34120,2
2018-06-28,23:50,114.20667,30.785,27559,1
2018-06-29,02:00,118.253,29.738,34120,2
2018-06-29,04:00,122.37,31.45,32152,2
2018-06-29,05:50,119.6600076,30.26216025,36089,2
2018-06-29,11:10,116.5983263,39.66863528,11811,1
2018-06-29,11:50,116.2612468,39.71986757,12303,1
2018-06-30,04:00,111.6219925,27.9496795,29199,2
2018-06-30,04:10,111.3962132,38.87718354,21981,2
2018-06-30,05:40,113.5530953,29.7797369,32152,2
2018-06-30,09:20,113.21833,28.45979648,8858,2
2018-07-01,05:50,87.01599483,43.37940704,27887,1
2018-07-01,08:40,114.69833,38.28167,32152,1
2018-07-01,09:40,114.555,38.455,32152,1
2018-07-01,12:40,114.69833,38.28167,32152,1
2018-07-02,05:00,112.62,37.748,32152,1
2018-07-02,05:00,113.778479,38.69560026,32152,1
2018-07-04,07:30,101.05,41.99,31660,2
2018-07-05,01:10,114.0479003,30.78489394,14763,2
2018-07-07,01:20,114.1176305,41.8389617,24606,2
2018-07-08,03:50,120.3740166,37.1643205,13123,1
2018-07-08,11:20,116.5983243,39.44380488,19685,1
2018-07-08,11:40,103.1649131,36.51203816,17716,1
2018-07-08,13:20,113.85,23.092,29199,1
2018-07-09,07:00,100.8133333,35.65,27559,2
2018-07-11,00:40,82.987,41.718,32152,1
2018-07-11,02:20,121.8298026,41.64461021,19685,1
2018-07-11,02:20,121.8298,41.64461,19685,1
2018-07-12,02:30,116.2212502,40.23891234,15583,1
2018-07-12,07:00,103.4715325,25.40475064,17716,2
2018-07-12,07:00,103.47153,25.40475,17716,2
2018-07-12,07:10,125.1869988,40.39310176,11811,2
2018-07-12,09:10,113.071,23.26286432,7874,0
2018-07-12,09:20,121.8868417,41.64475093,16404,1
2018-07-12,13:40,113.6269394,22.63821424,11811,1
2018-07-13,09:00,112.4258775,41.62641924,13779,2
2018-07-13,09:20,115.7935032,38.87448692,14763,2
2018-07-14,05:20,116.572,39.6446608,14763,1
2018-07-17,05:40,112.7966667,23.85166667,15748,0
2018-07-18,11:30,112.764977,23.06972846,8858,1
2018-07-18,13:50,112.3907059,37.93853049,11811,2
2018-07-18,14:30,105.81927,38.52909,13779,1
2018-07-18,14:30,105.8192692,38.52909197,13779,1
2018-07-19,05:50,113.5056465,23.58063664,13779,0
2018-07-19,14:30,113.6237174,23.73375933,14763,0
2018-07-22,14:20,107.804,30.674,31167,2
2018-07-22,17:20,103.2528882,36.6199736,17716,2
2018-07-24,07:10,108.440915,23.28509317,20669,1
2018-07-25,07:20,110.881,33.531,16732,1
2018-07-25,08:30,110.5180985,33.84837388,12795,1
2018-07-26,04:50,109.7,27.44111,29199,1
2018-07-27,07:00,113.85,23.092,30183,1
2018-07-27,10:00,116.9216667,29.5725,16076,2
2018-07-30,01:00,86.717,43.543,21653,1
2018-08-04,09:30,119.315,29.642,35104,2
2018-08-05,00:10,112.7966667,23.85166667,13779,1
2018-08-05,03:40,106.608991,38.32144621,6889,0
2018-08-05,06:00,120.6299958,27.21040704,32152,2
2018-08-05,09:20,125.9366667,44.51833333,30183,1
2018-08-06,15:50,87.475,43.907,3608,1
2018-08-07,09:50,87.685,44.335,8366,1
2018-08-08,07:50,130.465,46.842,30183,1
2018-08-09,13:20,119.745,35.44166667,24606,1
2018-08-10,01:50,95.17206655,30.09683571,29199,2
2018-08-10,04:40,103.4603491,36.69685937,10826,1
2018-08-11,11:00,122.3668332,30.66240576,19685,1
2018-08-11,15:40,87.475,43.907,4593,1
2018-08-12,02:30,87.475,43.907,6889,1
2018-08-13,06:00,84.002,42.21,29855,1
2018-08-13,09:00,130.0033999,46.523467,31167,1
2018-08-13,13:50,87.016,43.919,17716,1
2018-08-14,03:30,114.634635,22.7827141,19685,2
2018-08-14,04:00,119.548,26.48979648,21653,1
2018-08-14,15:40,87.475,43.907,4593,1
2018-08-14,16:20,87.475,43.907,4593,2
2018-08-15,00:40,87.475,44.08686432,8858,1
2018-08-15,01:40,87.475,44.08686432,9514,1
2018-08-15,06:10,116.1385,38.456,31167,1
2018-08-16,01:30,114.655,33.665,23622,1
2018-08-16,03:30,108.5825,33.77,12303,1
2018-08-18,01:20,115.497,40.388,16732,1
2018-08-18,01:50,124.6577018,44.47228157,27559,1
2018-08-19,03:40,87.60296089,44.45846722,18700,1
2018-08-19,07:40,104.748,31.097,8858,1
2018-08-21,13:20,115.497,40.388,14763,1
2018-08-22,02:30,114.69833,38.28167,27559,1
2018-08-22,03:30,106.917,28.767,33464,1
2018-08-22,04:00,125.8519915,42.87067839,31167,1
2018-08-22,09:40,113.30833,23.62382362,2952,1
2018-08-22,12:40,113.805,35.462,23622,1
2018-08-22,12:40,114.525,32.33,24606,1
2018-08-23,00:50,124.1629983,41.22713568,9842,1
2018-08-23,04:10,125.8943334,44.14416667,30183,1
2018-08-23,06:40,124.803,44.912,27559,1
2018-08-23,09:20,124.2725147,44.70852692,27559,1
2018-08-24,04:10,122.77,47.802,29199,1
2018-08-24,09:00,123.915,44.455,29199,1
2018-08-25,09:50,93.67,42.843,31167,1
2018-08-26,01:40,113.117,36.24,29691,1
2018-08-26,22:50,113.30833,23.52489824,4921,1
2018-08-27,06:10,102.933,25.402,15748,1
2018-08-27,10:20,113.417,23.152,2952,1
2018-08-28,00:30,87.685,44.335,11811,1
2018-08-28,06:40,127.31,50.168,24606,1
2018-08-28,07:10,104.748,31.097,11811,1
2018-08-28,10:20,88.69612097,44.17052954,17224,1
2018-08-29,00:00,115.9299192,40.07119842,17224,1
2018-08-29,01:00,117.2666667,32.53333333,31167,1
2018-08-29,05:20,119.1541798,33.1802687,29199,2
2018-08-29,11:30,112.487,23.07,35104,2
2018-08-29,13:40,87.016,43.919,19685,1
2018-08-29,23:00,109.833,19.25,22637,1
2018-08-30,01:20,123.75,41.01286432,19685,1
2018-08-30,01:30,109.833,19.25,19685,1
2018-08-30,06:40,91.9033576,29.38210378,22637,1
2018-08-30,08:20,114.0353485,23.09187897,16732,1
2018-08-30,09:40,80.36094209,41.27783592,16732,1
